ticker,stage2_flag,weekly_close_above_30w_ma,ma_slope_positive,golden_cross,near_52w_high,breakout_volume,score_trend,score_relative_strength,score_volume_accumulation,score_volatility_contraction,score_distance_from_high,score_total,pct_below_3yr_high,pct_above_30dma,fund_revenue_growth,fund_margin_expansion,fund_profitability_path,fund_pe_compression,fund_earnings_beat,fund_total,price,mcap,adv_20d_dollar,industry,sector,business_summary,combined_score,themes,new_today
HNST,True,True,True,True,True,True,2,2,1,0,2,7,0.34137514315180734,0.3864319255884612,0,0,0,0,0,0,5.460000038146973,585772672.0,9816240.632121563,Household & Personal Products,Consumer Defensive,"The Honest Company, Inc. a personal care company, provides personal care products for babies and adults. It offers wipes, personal care, diapers, and beauty products. In addition, it sells its products through retailers and websites, and third-party ecommerce sites. The Honest Company, Inc. was incorporated in 2011 and is headquartered in Los Angeles, California.",7,[],True
ICUI,True,True,True,True,True,True,2,2,1,0,2,7,0.24666315596395416,0.15592501350709256,0,0,0,0,0,0,184.55999755859375,4612815872.0,49648941.50192261,Medical Instruments & Supplies,Healthcare,"ICU Medical, Inc., together with its subsidiaries, develops, manufactures, and sells medical products used in infusion therapy, vascular access, and vital care applications worldwide. It offers Clave needlefree products under the MicroClave, MicroClave Clear, and NanoClave brands; Neutron catheter patency devices; ChemoLock closed system transfer devices and ChemoClaveTM for preparation and...",7,[],True
ITIC,True,True,True,True,True,True,1,1,2,0,2,6,0.0,0.023762025999144953,0,0,0,0,0,0,289.8399963378906,547216768.0,11680831.686401367,Insurance - Specialty,Financial Services,"Investors Title Company, through its subsidiaries, engages in the issuance of residential and commercial title insurance for residential, institutional, commercial, and industrial properties. The company operates through Title Insurance and Exchange Services segments. It underwrites land title insurance for owners and mortgagees as a primary insurer; and assumes the reinsurance of title insurance...",6,[],True
LIVN,True,True,True,True,True,True,0,1,2,1,2,6,0.10022427051738392,-0.05954061547525941,0,0,0,0,0,0,76.22000122070312,4187034112.0,54482573.41957092,Medical Devices,Healthcare,"LivaNova PLC, a medical technology company, designs, develops, manufactures, markets, and sells products, therapies, and services. The company operates in two segments, Cardiopulmonary and Neuromodulation. The Cardiopulmonary segment provides cardiopulmonary products, including heart-lung machines, oxygenators, autotransfusion systems, perfusion tubing systems, cannula, and other related...",6,[],True
GTE,True,True,True,True,True,True,1,1,1,0,2,5,0.518279577721225,0.30409471140836297,0,0,0,0,0,0,8.960000038146973,317004800.0,13365705.707182884,Oil & Gas E&P,Energy,"Gran Tierra Energy Inc., together with its subsidiaries, is involved in the exploration and production of oil and gas properties in Colombia, Canada, and Ecuador. The company has a strategic partnership with Ecopetrol S.A. for the development of fields in the Middle Magdalena Valley. The company was founded in 2003 and is headquartered in Calgary, Canada.",5,[],False
IBTA,True,True,True,True,True,True,2,0,1,0,2,5,0.644818352414696,0.23293820036783935,0,0,0,0,0,0,38.41999816894531,774109248.0,8790597.288913727,Software - Application,Technology,"Ibotta, Inc., a technology company, provides digital promotion services to clients in the United States. The company sources digital promotions from its clients primarily consumer packaged goods brands and distributes these promotions to consumers through its network of publishers enabled by Ibotta Performance Network (IPN), a technology platform. It offers promotional services through the IPN,...",5,[],False
INVX,True,True,True,True,True,True,2,1,0,0,2,5,0.3027295058698537,0.06789968822944031,0,0,0,0,0,0,28.100000381469727,1965196672.0,11198469.50422287,Oil & Gas Equipment & Services,Energy,"Innovex International, Inc. designs, manufactures, sells, and rents mission critical engineered products to the oil and natural gas industry worldwide. It provides drilling enhancement tools to optimize drilling performance, increase rate of penetration, and mitigate downhole challenges; and fishing and intervention which supports workover, intervention, drilling and completion activities, as...",5,[],True
ITGR,True,True,True,True,True,True,2,0,1,0,2,5,0.12054202123032716,0.23490499351387523,0,0,0,0,0,0,125.2699966430664,4258183680.0,171029022.17216492,Medical Devices,Healthcare,"Integer Holdings Corporation operates as a medical device contract development and manufacturing company in the United States, Costa Rica, Puerto Rico, Ireland, and internationally. The company offers products for interventional cardiology, structural heart, heart failure, peripheral vascular, neurovascular, interventional oncology, electrophysiology, vascular access, infusion therapy,...",5,[],True
INDV,True,True,True,True,True,True,0,1,0,1,2,4,0.07195797285372903,-0.031658598310065726,0,0,0,0,0,0,38.81999969482422,4581289984.0,87102214.95023727,Drug Manufacturers - Specialty & Generic,Healthcare,"Indivior Pharmaceuticals, Inc., together with its subsidiaries, engages in the development, manufacture, and sale of buprenorphine-based prescription drugs for the treatment of opioid dependence and related disorders in the United States, Europe, Canada, Australia, and internationally. It develops medicines to treat substance use disorders. The company's core marketed products include SUBLOCADE...",4,[],True
